./data/images/page-01.png,4
./data/images/page-01.png,7
./data/images/page-01.png,9
./data/images/page-01.png,11
./data/images/page-01.png,13
./data/images/page-01.png,15
./data/images/page-01.png,17
./data/images/page-01.png,19
./data/images/page-02.png,2
./data/images/page-02.png,6
./data/images/page-02.png,8
./data/images/page-02.png,9
./data/images/page-02.png,10
./data/images/page-02.png,16
./data/images/page-02.png,18
./data/images/page-02.png,19
./data/images/page-03.png,0
./data/images/page-03.png,3
./data/images/page-03.png,4
./data/images/page-03.png,7
./data/images/page-03.png,8
./data/images/page-03.png,9
./data/images/page-03.png,14
./data/images/page-03.png,17
./data/images/page-03.png,18
./data/images/page-04.png,1
./data/images/page-04.png,2
./data/images/page-04.png,4
./data/images/page-04.png,8
./data/images/page-04.png,11
./data/images/page-04.png,12
./data/images/page-04.png,13
./data/images/page-04.png,16
./data/images/page-05.png,1
./data/images/page-05.png,5
./data/images/page-05.png,6
./data/images/page-05.png,8
./data/images/page-05.png,11
./data/images/page-05.png,12
./data/images/page-05.png,16
./data/images/page-05.png,17
./data/images/page-05.png,18
./data/images/page-06.png,2
./data/images/page-06.png,3
./data/images/page-06.png,4
./data/images/page-06.png,9
./data/images/page-06.png,10
./data/images/page-06.png,11
./data/images/page-06.png,15
./data/images/page-06.png,16
./data/images/page-06.png,17
./data/images/page-07.png,2
./data/images/page-07.png,3
./data/images/page-07.png,7
./data/images/page-07.png,8
./data/images/page-07.png,9
./data/images/page-07.png,13
./data/images/page-07.png,14
./data/images/page-07.png,18
./data/images/page-07.png,19
./data/images/page-08.png,0
./data/images/page-08.png,4
./data/images/page-08.png,5
./data/images/page-08.png,9
./data/images/page-08.png,10
./data/images/page-08.png,11
./data/images/page-08.png,15
./data/images/page-08.png,16
./data/images/page-09.png,0
./data/images/page-09.png,1
./data/images/page-09.png,2
./data/images/page-09.png,6
./data/images/page-09.png,7
./data/images/page-09.png,11
./data/images/page-09.png,12
./data/images/page-09.png,13
./data/images/page-09.png,17
./data/images/page-09.png,18
./data/images/page-10.png,2
./data/images/page-10.png,3
./data/images/page-10.png,4
./data/images/page-10.png,8
./data/images/page-10.png,9
./data/images/page-10.png,13
./data/images/page-10.png,14
./data/images/page-10.png,15
./data/images/page-10.png,19
./data/images/page-11.png,0
./data/images/page-11.png,4
./data/images/page-11.png,5
./data/images/page-11.png,6
./data/images/page-11.png,10
./data/images/page-11.png,11
./data/images/page-11.png,15
./data/images/page-11.png,16
./data/images/page-11.png,17
./data/images/page-12.png,1
./data/images/page-12.png,2
./data/images/page-12.png,6
./data/images/page-12.png,7
./data/images/page-12.png,8
./data/images/page-12.png,12
./data/images/page-12.png,13
./data/images/page-12.png,14
./data/images/page-12.png,18
./data/images/page-12.png,19
./data/images/page-13.png,0
./data/images/page-13.png,4
./data/images/page-13.png,5
./data/images/page-13.png,6
./data/images/page-13.png,10
./data/images/page-13.png,11
./data/images/page-13.png,12
./data/images/page-13.png,16
./data/images/page-13.png,17
./data/images/page-13.png,18
./data/images/page-14.png,2
./data/images/page-14.png,3
./data/images/page-14.png,4
./data/images/page-14.png,8
./data/images/page-14.png,9
./data/images/page-14.png,10
./data/images/page-14.png,14
./data/images/page-14.png,15
./data/images/page-14.png,16
./data/images/page-15.png,0
./data/images/page-15.png,1
./data/images/page-15.png,2
./data/images/page-15.png,6
./data/images/page-15.png,7
./data/images/page-15.png,8
./data/images/page-15.png,12
./data/images/page-15.png,13
./data/images/page-15.png,14
./data/images/page-15.png,18
./data/images/page-15.png,19
./data/images/page-16.png,0
./data/images/page-16.png,4
./data/images/page-16.png,5
./data/images/page-16.png,6
./data/images/page-16.png,10
./data/images/page-16.png,11
./data/images/page-16.png,12
./data/images/page-16.png,16
./data/images/page-16.png,17
./data/images/page-16.png,18
./data/images/page-17.png,2
./data/images/page-17.png,3
./data/images/page-17.png,4
./data/images/page-17.png,8
./data/images/page-17.png,9
./data/images/page-17.png,10
./data/images/page-17.png,14
./data/images/page-17.png,15
./data/images/page-17.png,16
./data/images/page-18.png,1
./data/images/page-18.png,2
./data/images/page-18.png,3
./data/images/page-18.png,7
./data/images/page-18.png,8
./data/images/page-18.png,9
./data/images/page-18.png,13
./data/images/page-18.png,14
./data/images/page-18.png,15
./data/images/page-18.png,19
./data/images/page-19.png,0
./data/images/page-19.png,1
./data/images/page-19.png,6
./data/images/page-19.png,7
./data/images/page-19.png,8
./data/images/page-19.png,12
./data/images/page-19.png,13
./data/images/page-19.png,14
./data/images/page-19.png,18
./data/images/page-19.png,19
./data/images/page-20.png,0
./data/images/page-20.png,4
./data/images/page-20.png,5
./data/images/page-20.png,6
./data/images/page-20.png,9
./data/images/page-20.png,10
./data/images/page-20.png,11
./data/images/page-20.png,16
./data/images/page-20.png,17
./data/images/page-21.png,0
./data/images/page-21.png,1
./data/images/page-21.png,5
./data/images/page-21.png,7
./data/images/page-21.png,8
./data/images/page-21.png,11
./data/images/page-21.png,13
./data/images/page-21.png,16
./data/images/page-21.png,17
./data/images/page-22.png,4
